{
    "200x200": {
        "num_workers_list": [
            1,
            2,
            4,
            6,
            8,
            12,
            14,
            16,
            18,
            20,
            22,
            24,
            26,
            28
        ],
        "mean_speedups": [
            0.9857121322856894,
            1.3461880222187401,
            1.5089753172318463,
            2.157786878729777,
            2.705825903215121,
            3.813938533645929,
            4.312876163809765,
            4.616025990369342,
            4.992487530603315,
            5.652673463445369,
            5.671608724168585,
            5.822782101535049,
            6.113988492330719,
            6.49291912778442
        ],
        "std_dev_speedups": [
            0.1312431466078945,
            0.17765589783221405,
            0.19323388497732755,
            0.32379654859199775,
            0.30481302260497256,
            0.4089711352799942,
            0.5926247406888984,
            0.8334526714109044,
            0.4580893804532548,
            0.9341118418892335,
            0.7650579520742978,
            1.3873955162019407,
            1.1148286874442912,
            0.8479721839186927
        ],
        "farm_elapsed_times": [
            [
                0.10198259353637695,
                0.09911751747131348,
                0.10062432289123535,
                0.10007405281066895,
                0.10068726539611816
            ],
            [
                0.07547378540039062,
                0.07283449172973633,
                0.07440948486328125,
                0.07213616371154785,
                0.0731191635131836
            ],
            [
                0.06574320793151855,
                0.06644845008850098,
                0.06309747695922852,
                0.0662541389465332,
                0.06638002395629883
            ],
            [
                0.04728889465332031,
                0.04112529754638672,
                0.04745984077453613,
                0.04856443405151367,
                0.0461118221282959
            ],
            [
                0.038575172424316406,
                0.03464794158935547,
                0.03486752510070801,
                0.03831648826599121,
                0.03633403778076172
            ],
            [
                0.027427196502685547,
                0.024544239044189453,
                0.023968219757080078,
                0.02794051170349121,
                0.025771379470825195
            ],
            [
                0.023220539093017578,
                0.02393317222595215,
                0.023084640502929688,
                0.02284860610961914,
                0.021867036819458008
            ],
            [
                0.019383907318115234,
                0.02248525619506836,
                0.020273685455322266,
                0.023143529891967773,
                0.022845745086669922
            ],
            [
                0.021172523498535156,
                0.019755125045776367,
                0.01794719696044922,
                0.01913738250732422,
                0.020876646041870117
            ],
            [
                0.01700139045715332,
                0.019568920135498047,
                0.018080472946166992,
                0.016924142837524414,
                0.016617536544799805
            ],
            [
                0.018167734146118164,
                0.016904592514038086,
                0.018029212951660156,
                0.017475605010986328,
                0.016855716705322266
            ],
            [
                0.014950990676879883,
                0.01732182502746582,
                0.020949840545654297,
                0.017459392547607422,
                0.016676664352416992
            ],
            [
                0.01661825180053711,
                0.013915300369262695,
                0.015789031982421875,
                0.01504373550415039,
                0.021190881729125977
            ],
            [
                0.015468120574951172,
                0.01558995246887207,
                0.015104293823242188,
                0.014829635620117188,
                0.015266656875610352
            ]
        ],
        "farm_elapsed_time_mean": 0.03550142901284354,
        "farm_elapsed_time_std": 0.025569263619804262,
        "seq_elapsed_times": [
            0.12074518203735352,
            0.10005617141723633,
            0.07755255699157715,
            0.09836101531982422,
            0.09882616996765137
        ],
        "seq_elapsed_time_mean": 0.09910821914672852,
        "seq_elapsed_time_std": 0.01366997595376691
    },
    "400x400": {
        "num_workers_list": [
            1,
            2,
            4,
            6,
            8,
            12,
            14,
            16,
            18,
            20,
            22,
            24,
            26,
            28
        ],
        "mean_speedups": [
            0.9538197301516084,
            1.398132953467592,
            1.598712171533887,
            2.1461349083782015,
            2.5898700824704863,
            3.352569351274474,
            3.757066496229404,
            4.1185446230714975,
            4.8790863523578185,
            4.518062791135376,
            5.3265094686864085,
            5.563584883272267,
            5.5374914076482815,
            6.406112822787203
        ],
        "std_dev_speedups": [
            0.09483681788359176,
            0.08559731531323472,
            0.10435014067717858,
            0.2364513577332068,
            0.314742145843618,
            0.42780083901452903,
            0.20529842004381657,
            0.23523729635514137,
            0.29088919480541864,
            0.43583758084962626,
            0.3078762982353946,
            0.28114906026345243,
            0.5695475150290903,
            0.7216395078702879
        ],