{
    "128": {
        "num_workers_list": [
            1,
            2,
            4,
            6,
            8,
            12,
            14,
            16,
            18,
            20,
            22,
            24,
            26,
            28
        ],
        "mean_speedups": [
            0.816284423471697,
            1.4056221003659248,
            2.2444393440406176,
            2.24423917980046,
            2.494381700732329,
            2.869985060599657,
            3.228805624380906,
            3.3680269636056663,
            3.5652483259415897,
            3.1338344456008205,
            2.680012188292539,
            3.2855932913599304,
            2.1717403993814144,
            2.428040383489068
        ],
        "std_dev_speedups": [
            0.037906029071267826,
            0.14914082695017972,
            0.13559911567176222,
            0.13216092792039502,
            0.3477857451924039,
            0.197183968465349,
            0.4116047306569738,
            0.24780454067522012,
            0.29966460618159346,
            0.3012401308873603,
            0.33874681844036014,
            0.15357006499324707,
            0.13568505298625033,
            0.18736541668814524
        ],
        "farm_elapsed_times": [
            [
                0.019414186477661133,
                0.020621061325073242,
                0.019599437713623047,
                0.020695924758911133,
                0.019753456115722656
            ],
            [
                0.014129161834716797,
                0.011090278625488281,
                0.011018514633178711,
                0.011014938354492188,
                0.011411428451538086
            ],
            [
                0.0074617862701416016,
                0.0070917606353759766,
                0.007414817810058594,
                0.0071218013763427734,
                0.0073299407958984375
            ],
            [
                0.00654292106628418,
                0.008011102676391602,
                0.0075685977935791016,
                0.007502317428588867,
                0.006880044937133789
            ],
            [
                0.007442474365234375,
                0.005613088607788086,
                0.006908893585205078,
                0.007347583770751953,
                0.0059070587158203125
            ],
            [
                0.005598306655883789,
                0.005663871765136719,
                0.006278038024902344,
                0.006070613861083984,
                0.004972696304321289
            ],
            [
                0.005337953567504883,
                0.004572629928588867,
                0.004745006561279297,
                0.006108283996582031,
                0.0048520565032958984
            ],
            [
                0.005646944046020508,
                0.005281209945678711,
                0.004698753356933594,
                0.004468202590942383,
                0.004322528839111328
            ],
            [
                0.004851818084716797,
                0.004239320755004883,
                0.0049571990966796875,
                0.004680633544921875,
                0.004275798797607422
            ],
            [
                0.0054779052734375,
                0.005179643630981445,
                0.004899740219116211,
                0.00486302375793457,
                0.005798816680908203
            ],
            [
                0.005509614944458008,
                0.005762577056884766,
                0.005865335464477539,
                0.006930351257324219,
                0.006753206253051758
            ],
            [
                0.004988670349121094,
                0.005101203918457031,
                0.004799604415893555,
                0.005002737045288086,
                0.004969358444213867
            ],
            [
                0.0069692134857177734,
                0.007902383804321289,
                0.0077626705169677734,
                0.00726318359375,
                0.00778508186340332
            ],
            [
                0.0060939788818359375,
                0.007327079772949219,
                0.0066945552825927734,
                0.006493091583251953,
                0.007168292999267578
            ]
        ],
        "farm_elapsed_time_mean": 0.0074267966406685966,
        "farm_elapsed_time_std": 0.003941262859547555,
        "seq_elapsed_times": [
            0.016391754150390625,
            0.017592191696166992,
            0.01653265953063965,
            0.016051530838012695,
            0.015108823776245117
        ],
        "seq_elapsed_time_mean": 0.016335391998291017,
        "seq_elapsed_time_std": 0.0008008349909609039
    },
    "256": {
        "num_workers_list": [
            1,
            2,
            4,
            6,
            8,
            12,
            14,
            16,
            18,
            20,
            22,
            24,
            26,
            28
        ],
        "mean_speedups": [
            0.8621309803103239,
            1.484915916108589,
            2.7497487182532647,
            3.354464200261954,
            4.597219380497066,
            5.939095602154062,
            6.3546136895514245,
            7.670514819977174,
            7.69215241904881,
            5.333037616665317,
            6.291221605309232,
            5.982146107639101,
            5.736841944083323,
            8.708720485707527
        ],
        "std_dev_speedups": [
            0.08379571738733223,
            0.21420760953488047,
            0.3585256160776846,
            0.3163694381854719,
            0.2959830589010249,
            0.8669650699264801,
            0.8049267903953984,
            0.913777120577464,
            0.8149280705706312,
            0.5187383656670531,
            0.9133020337515316,
            0.8723184123371222,
            0.5886656628326498,
            0.8593159740768068
        ],